testnum,time
1,3174315.050242
2,3429734.918704
3,3571400.24046
4,3499888.244976
5,3664823.624806
6,3438285.534951
7,3578902.737052
8,3471246.930385
9,3346544.161125
10,3709957.284498
