testnum,time
1,744319.899411
2,981357.067333
3,771590.705565
4,752738.903047
5,870646.342303
6,912173.014028
7,901571.863837
8,2172260.167834
9,1049038.175994
10,862564.210697
